x_axis,y_axis,z_axis
125,-1158,0.0241664021000208
53,-1076,-0.972009770503588
44,-1267,0.282750378201537
59,-1043,-1.16845621719047
74,-1081,-0.884605120019433
28,-1011,-1.27321182619007
120,-1328,1.79013482715492
78,-1053,-1.10161874679097
19,-1074,-0.534203514711327
57,-771,-3.21864581665084
95,-857,-2.31571752190428
97,-765,-3.1462200691388
19,-687,-2.42589449136401
142,-656,-2.67225670271488
93,-666,-3.41008366365099
11,-809,-2.52923761366099
82,-723,-3.21370489470639
69,-858,-2.47421166818144
138,-493,-2.55383970616451
138,-211,-2.44091611339211
68,-303,-3.05775404287069
50,-349,-2.56599035555119
125,-401,-2.77277223850932
20,-257,-2.67862150091385
63,-560,-3.02206547861556
80,-538,-2.5188035637146
141,-260,-2.80401025609597
11,67,-0.942265589082056
71,181,-1.10160877395775
36,67,-1.14420494796218
126,147,-0.544115899826522
58,-171,-1.71655585582387
53,-84,-1.49056953547752
37,-6,-1.09547613610049
71,146,-0.629172895031719
123,-169,-1.72796298299759
120,435,1.20173329018484
85,325,-0.259403670484282
92,495,1.7431398376586
124,339,-0.420623593367747
91,517,1.36797584935913
120,227,-1.30329249897678
115,590,0.769503570219008
132,553,2.15738273689345
74,474,1.19519659954014
69,854,0.0111632844421234
37,764,-0.0722147042752746
138,812,1.91633515107423
11,646,-1.92670315105616
118,801,1.73742809749269
69,700,0.108663909483787
51,910,0.321033331235617
55,615,-0.659976476736973
140,686,2.44206930578928
54,1086,-1.21860898778009
75,1251,-0.929704806496402
67,1201,-1.60167739464785
131,1387,-0.637357746315087
138,1184,-2.05812082349746
59,1385,0.0568216215638228
55,1290,-0.233442862841053
41,1172,-1.29813772255765
130,1104,-1.51403139394916
226,-1083,-1.31381703207502
220,-1320,1.24676061905287
180,-1142,0.384164178248562
197,-1294,1.47279423988356
178,-1200,0.844000919978409
297,-1260,-10.0650560616919
260,-1194,-2.35145872965389
266,-1071,-5.25241257409487
180,-1014,-1.76548014903699
220,-866,-1.60627245847935
262,-956,-6.27595307721311
199,-730,-1.86076846032252
175,-809,-1.43213735733259
248,-845,-2.92813048500171
184,-689,-2.15683644806638
283,-951,-10.1771527012232
197,-898,-1.22940086447821
257,-673,-3.98037163252349
184,-296,-2.47193732255325
195,-234,-2.47210781740278
280,-580,-9.75392209102175
263,-380,-6.79412457320948
251,-280,-5.04629559736221
186,-465,-3.34508159078481
280,-288,-10.2352629024813
278,-215,-10.0504616946169
227,-360,-3.47183645843184
209,85,-1.57645135931599
176,-186,-2.29361419242451
276,8,-9.45078760573258
288,20,-11.8032878170338
239,30,-3.09231258615081
265,-126,-6.77131405771137
211,-177,-2.55495962478774
209,173,-1.08301782918156
159,-33,-1.23793360136052
281,319,-7.20239037628044
224,353,0.0877856782731381
265,316,-3.68989963413434
261,447,-2.01856258813747
222,385,0.0977616347810955
189,219,-0.85157334058492
278,560,-4.62788851363856
230,504,2.13818825160729
262,515,-1.5290522217164
292,772,-9.41607158979016
245,754,0.437461646922547
175,939,0.182080264575215
237,798,0.99601967292187
275,730,-4.05381534219662
273,912,-5.76873286735713
180,677,2.60114772143238
209,755,1.95188931046137
214,918,-0.556524896414489
276,1399,-6.33742758166629
201,1044,-0.605910771008159
207,1150,-0.591547355496421
178,1053,-0.609549428532678
298,1229,-11.9779169389773
185,1112,-0.77992957820231
161,1308,0.0384239558634294
263,1168,-3.73647425612422
196,1261,0.103581268329183
325,-1316,-16.651422786411
384,-1259,-19.6816080391666
387,-1022,-20.7429461118634
427,-1310,-16.9193876602872
416,-1024,-18.7232513272825
330,-1119,-18.9098159668528
385,-1315,-19.8796191036479
421,-1047,-17.6068493650175
357,-1337,-20.1029649145624
348,-623,-21.2615553923863
325,-949,-18.5282009305354
396,-665,-22.1881498020712
406,-947,-20.0788291883801
322,-741,-18.5648822353158
326,-614,-19.7028220685088
450,-867,-14.0290606168951
417,-765,-19.3195298222913
426,-918,-18.1558785608015
355,-268,-22.2835159361286
314,-444,-18.7223104470998
382,-581,-22.3337114676672
450,-480,-15.1079139478159
403,-292,-21.3840874123157
408,-249,-20.5818546484224
449,-364,-14.9211556954825
415,-335,-20.2526536652754
340,-306,-21.1681664250138
438,54,-16.2927150562201
355,-38,-23.0539131534918
325,-183,-20.1395521136912
424,-102,-19.1672452152572
395,57,-20.6833350740379
408,-80,-21.0334578900285
357,196,-20.8176589053375
388,-58,-22.1368831641182
353,-177,-23.5066974798142
447,489,-12.0748741397477
318,537,-15.0561096818856
331,567,-15.7827087050934
400,215,-20.1566403244662
373,599,-17.6197703288881
349,233,-19.6214885483043
392,539,-17.2146146790356
361,434,-20.3972265047039
371,542,-17.8952346874768
401,930,-17.592350962719
310,868,-13.8317953125263
416,702,-16.0720209086258
416,888,-16.2457939387837
310,710,-12.3782411873594
446,828,-11.8470537301009
361,882,-18.8320925844147
450,914,-10.8117472702984
333,986,-18.1795123829604
353,1289,-20.4151060483728
346,1307,-19.1837121202514
336,1109,-18.5093595081108
369,1281,-19.8309920990829
433,1195,-15.5830434458708
372,1362,-19.839764022924
312,1105,-15.3824289687355
420,1228,-16.1899679364511
417,1331,-17.0585761300768
549,-1262,-0.0282875650472144
568,-1278,-0.84068534677516
571,-1215,-0.79360028908937
468,-1299,-8.40153386343188
503,-1284,-2.31041914667755
558,-1230,-0.251160805966387
477,-1315,-6.44210838190238
490,-1232,-3.61289034512791
559,-1074,-0.513133675703127
482,-876,-7.13332147043596
525,-601,-2.54423461046331
567,-718,-1.57066958335229
597,-643,-4.36941273534724
465,-805,-10.3913686916897
520,-765,-2.3149050166006
528,-971,-1.57254052084391
564,-608,-2.13230307316149
575,-691,-2.23064977683807
559,-520,-3.08539023683408
500,-208,-4.45365574174231
526,-516,-3.38620114583365
488,-505,-7.35205962629492
531,-406,-3.82579643683099
464,-269,-11.1405192323726
488,-462,-7.23136370370923
505,-589,-4.50226989113222
567,-321,-2.4470075052173
519,97,-1.68273970924223
516,181,-2.04490424551375
563,-67,-0.452108891434929
532,71,-0.87991510294261
538,-160,-1.48722129049465
567,191,-1.45132348661688
552,86,-0.892826028722412
483,-98,-7.05909672373505
471,-119,-9.5887809928656
512,330,-0.505251193654588
564,337,0.154931753041908
564,472,0.689428895084672
511,456,-0.331407569912572
597,318,-3.31173963344699
538,598,1.20998647055757
485,463,-3.68980820353636
569,518,-0.313183644898731
548,217,-0.487506263124113
577,672,0.935407422902005
543,973,2.61682627919734
517,981,0.197551317232356
467,710,-6.52921479047905
587,724,0.658552061711841
544,609,1.72936920296313
591,901,-0.8861242169165
550,789,2.59231604678948
571,988,2.17908927228328
488,1169,-4.20165623181647
475,1049,-5.34126646949836
525,1097,0.531804828619406
549,1398,0.837953151817529
575,1191,0.162001834380567
523,1198,0.00440617499533258
562,1355,0.735644112970091
559,1385,0.610442160204125
552,1075,2.00310204938203
611,-1255,-8.24604438857838
700,-1109,-22.3927122049633
730,-1242,-22.1018367503598
748,-1089,-22.3297838617562
732,-1345,-22.8061251432922
737,-1367,-22.9877033918475
683,-1316,-23.1050342385689
635,-1301,-16.0273124837262
643,-1215,-17.6118111008537
664,-910,-20.170109555749
626,-860,-11.5616678959973
702,-636,-24.838327694136
734,-855,-22.8477810568172
635,-664,-15.5228272034661
743,-967,-21.5807085600988
694,-854,-23.3567250490915
677,-752,-23.0668080559852
728,-795,-23.9156724306038
685,-553,-25.6147305464438
626,-210,-12.2340302352367
702,-286,-24.4452520352306
611,-298,-9.32423949535916
720,-446,-25.0862263197788
617,-235,-9.89625463224649
749,-352,-23.6263640760506
733,-307,-24.5990589719716
615,-253,-10.1366836281546
727,66,-23.147273711214
615,-142,-8.70096543273417
725,83,-23.1811057540067
663,25,-20.4704674439865
665,56,-21.0450046297719
620,-2,-9.4705310346934
629,85,-13.263689407531
675,-192,-21.9271319953614
749,-40,-22.7477781192795
710,481,-22.5258527865073
630,282,-12.9058977620738
729,475,-22.3815991780036
647,435,-17.6300816225156
657,558,-19.0632526789065
732,385,-22.1354427094705
724,241,-23.2987659502261
630,474,-12.5087329879056
659,486,-20.1248621680648
735,624,-22.1832861992681
659,849,-17.5039703466309
714,833,-21.0414793394909
717,787,-21.0789022149841
687,921,-19.0423317088745
648,763,-15.6096098199788
670,819,-19.1431137122255
653,610,-17.8007645754743
730,771,-21.2443090410506
630,1300,-10.9082807227409
638,1130,-13.4453454337335
641,1393,-14.4135845163993
748,1376,-20.0581597533558
744,1145,-20.4415469236369
718,1013,-20.2769767178594
722,1304,-19.8195978506215
620,1248,-7.61691894005658
708,1088,-20.1848051012866
871,-1204,-22.7551809124631
803,-1340,-23.0107287763933
882,-1306,-23.8843074208654
847,-1197,-22.6216408689655
822,-1378,-24.0714851905847
775,-1211,-22.6433664800296
781,-1116,-21.8846678231552
892,-1256,-23.2059599616567
846,-1236,-22.9500419157751
836,-676,-24.3858478226757
867,-689,-24.6988537051849
857,-844,-22.5683157438829
895,-645,-23.6836429444402
792,-686,-25.2263173061692
792,-799,-23.3720252736272
759,-616,-26.1865708657021
871,-876,-22.0957876431892
884,-987,-22.550901666286
796,-359,-23.5719289374509
883,-277,-23.6577541304689
855,-275,-23.4849680344642
860,-529,-24.7369926012618
765,-544,-26.0395240682958
864,-403,-23.4270069598845
812,-499,-25.5606524410765
792,-212,-23.9468104119929
764,-378,-23.5333081685407
828,50,-22.4888687825398
855,100,-22.2366622617464
850,126,-21.9095545685973
787,-117,-23.1168853184599
796,76,-22.7177110290456
766,31,-22.6130199318875
769,122,-22.304225629009
812,45,-22.6345790187457
858,38,-22.8825720135521
853,370,-21.6848774507359
761,224,-23.0088050629723
761,419,-21.7681120747757
898,237,-21.8799434916153
883,536,-22.6124225985594
805,500,-21.7662840187059
795,561,-21.7800772340252
790,595,-22.3166956910686
766,508,-21.6751164185291
788,834,-21.249613433828
789,923,-21.5146755523188
895,623,-22.0414484863882
859,993,-20.9893667139089
812,664,-22.390850829672
848,935,-21.2034739745278
896,696,-22.6013949959025
828,833,-21.0263733833199
762,699,-21.5950143373465
886,1373,-21.1339682472186
761,1158,-20.6076273174006
797,1228,-19.4594012792167
885,1217,-21.5169451826833
787,1121,-20.9442351689444
763,1072,-20.5817597180399
842,1337,-20.3518902337933
862,1399,-21.3348743267975
774,1373,-20.0017179519124
945,-1256,-23.5468672391015
958,-1242,-22.9856475938405
1020,-1276,-31.2875132219511
1003,-1171,-27.6021704526359
937,-1385,-25.1768858667343
1040,-1036,-38.0552556259749
969,-1161,-22.9672566620911
967,-1120,-22.8553262892915
1007,-1071,-28.9521241277249
979,-774,-24.9057380939154
984,-983,-25.8730632803305
936,-863,-22.7677910930058
915,-935,-22.7846971404246
1005,-973,-28.7443542647019
932,-643,-23.7768322621866
916,-757,-23.2699449561776
912,-698,-23.4667077010813
997,-939,-26.5724531478601
913,-520,-23.7423940778036
914,-567,-23.4182354683128
910,-432,-23.75654686693
965,-263,-24.1394487521374
957,-484,-23.0705172961575
1045,-491,-37.7049165008734
987,-524,-24.7032654070419
928,-373,-22.9594055453035
1015,-252,-30.2520089917138
1043,33,-36.6895405404663
928,80,-22.1570266693457
942,-103,-22.6212298947059
967,-86,-23.1056174619086
1045,-52,-38.2233702225234
1047,126,-37.2747089779024
1025,-12,-33.2565194328751
909,141,-21.8441827632309
952,198,-22.2991096679136
988,215,-23.8073549942123
922,442,-22.1101243843618
1031,223,-34.0304494147357
914,229,-21.62930731512
1029,431,-33.7363855287795
996,231,-25.088430129129
1045,508,-37.113445182095
965,311,-22.4364719000442
1017,530,-29.7004365460817
1042,865,-37.31650499825
917,941,-21.8147625011308
1047,892,-38.0568619737948
938,869,-22.3371546713136
1001,644,-25.4402551918868
939,758,-21.5222407587825
1019,686,-29.5596257512139
987,687,-23.1449648527733
1049,714,-37.371358454557
946,1233,-21.6371972326369
925,1149,-21.5910420544684
919,1237,-21.5174002262471
927,1343,-21.0065601203844
919,1075,-21.5517468503811
997,1085,-25.7398022302034
964,1386,-21.893261364346
937,1105,-21.3742110161403
990,1135,-24.7659569111135
1083,-1147,-41.6476143913637
1087,-1367,-41.539342171807
1161,-1182,-38.6451137478125
1165,-1258,-38.657694010152
1179,-1101,-34.6217926607555
1116,-1225,-41.727743312634
1113,-1320,-41.8832210375472
1105,-1040,-41.5656340542035
1164,-1149,-38.2313642644413
1065,-773,-41.1317396883171
1062,-746,-40.650837552204
1087,-984,-41.6261537956004
1168,-785,-36.0598965050575
1164,-927,-36.2529331649405
1074,-724,-41.3592938742783
1100,-631,-42.6943023489906
1090,-616,-42.2142659772818
1161,-612,-38.3229138543176
1136,-270,-38.9664635197927
1095,-393,-40.4721162498392
1069,-316,-39.4533937942999
1191,-270,-30.8400591076081
1197,-324,-30.9302896261459
1127,-237,-40.03316441077
1112,-460,-40.4798546001911
1189,-378,-32.7860082165141
1082,-274,-41.0121971234426
1132,35,-39.0401814374517
1177,1,-34.6150403662123
1071,102,-39.3321276425336
1151,90,-37.0871425962282
1095,-155,-42.2085529928378
1060,77,-38.7778338563649
1061,31,-38.9122097617451
1171,77,-34.4542427957743
1102,-57,-41.2629099956138
1112,361,-40.2529220395602
1185,576,-31.9251353244536
1087,294,-40.0183227525144
1115,389,-40.0186475940175
1090,557,-40.3806976323935
1125,524,-39.3847732274879
1139,414,-38.5626890439039
1098,227,-39.8644440608977
1196,273,-29.7006737487559
1066,863,-40.1477292548253
1153,996,-37.5843309015378
1143,624,-37.7285179600318
1157,754,-37.3482008544106
1093,866,-41.0857461841815
1200,775,-29.736692193612
1149,965,-37.29984100951
1187,824,-31.9908616623434
1161,860,-36.9981194352427
1159,1292,-36.193296517729
1141,1258,-38.1147002005135
1120,1262,-39.4889216115606
1061,1302,-38.440657812577
1088,1064,-40.3087840741124
1124,1384,-39.1296219545705
1061,1184,-38.2512511596413
1154,1176,-37.1107576946019
1187,1311,-31.6647894991466
1323,-1140,-25.0783084240089
1259,-1331,-23.5627910376078
1312,-1328,-23.8638615361143
1292,-1167,-23.2090171994368
1274,-1192,-22.4714065614543
1223,-1105,-26.3212751403333
1299,-1378,-23.3615518753449
1227,-1129,-26.3063149454022
1330,-1321,-25.5664081944159
1301,-698,-24.0844031293652
1286,-939,-22.4879159135135
1343,-826,-27.8261144194022
1298,-746,-23.3821183554967
1254,-991,-23.4302668354338
1317,-845,-23.8372231685933
1266,-940,-23.1692941169271
1342,-916,-27.5160253152995
1283,-798,-22.9274039227401
1319,-422,-23.3991091825421
1346,-467,-27.2036505258453
1288,-216,-21.9693042844374
1255,-328,-23.8133426829651
1270,-403,-23.3704831702005
1341,-296,-26.0386975047414
1257,-266,-22.7892132234213
1291,-436,-22.459712923781
1308,-268,-23.4551044389394
1307,-4,-22.1233173018715
1312,-93,-23.0570413143062
1302,23,-22.2134590008021
1253,20,-22.6306659025386
1287,-47,-21.5222556193279
1216,184,-26.7375535556688
1299,68,-21.6706901931124
1221,114,-24.8270662801329
1343,165,-25.8748168591632
1333,377,-23.6917284282497
1221,460,-24.8947749644195
1234,372,-23.6357240718917
1317,563,-21.2422601816699
1280,208,-20.2311812125365
1226,492,-25.0446077283628
1338,507,-24.3825409627566
1282,403,-21.1131807421939
1235,261,-23.5241533202524
1350,839,-26.7681855171008
1224,694,-25.1437785015627
1276,987,-23.3045505299704
1273,677,-21.1958088624204
1245,698,-22.709500116758
1340,952,-26.4998953775445
1295,694,-20.6856913591513
1211,853,-27.66648168983
1260,969,-23.6961284543479
1237,1288,-23.5881514710963
1256,1138,-23.4331162075955
1291,1209,-21.825696232555
1325,1060,-24.2480374415915
1340,1073,-26.1052795182044
1223,1217,-25.2106886233603
1262,1154,-23.167777024046
1278,1039,-23.6325399480127
1318,1124,-23.6431163181273
1380,-1118,-39.5551020724915
1481,-1044,-47.6471462586963
1393,-1085,-43.0872457782432
1458,-1289,-47.3002439224868
1372,-1009,-36.7843279450968
1471,-1095,-48.3355332294474
1399,-1218,-44.9558375826894
1442,-1332,-46.8258114834207
1400,-1391,-44.5868139555822
1425,-767,-46.0980117895564
1368,-989,-35.5008456012362
1451,-878,-47.497308928553
1464,-890,-47.8313031469387
1472,-785,-47.5515586294811
1497,-621,-48.1034059832347
1393,-962,-43.2894205424873
1397,-638,-42.3279954386021
1448,-861,-47.311098754979
1454,-558,-47.2884584724387
1442,-454,-45.9062715674416
1384,-210,-39.243493409435
1380,-480,-38.174587327737
1485,-366,-46.5970343992847
1472,-398,-45.9724458240193
1363,-398,-32.8502333609971
1425,-477,-45.7192866719887
1498,-445,-46.3471817527284
1359,181,-30.8093003047079
1364,158,-32.3430422745442
1359,0,-31.1557216620719
1372,36,-35.6580661074079
1370,196,-34.133688613498
1411,11,-44.1819088819417
1382,-148,-38.5206345811987
1449,-147,-45.4824914643045
1436,137,-45.718607612314
1498,372,-43.0884933318343
1478,370,-42.9269543542264
1497,458,-43.2115756205801
1364,364,-31.5696480124878
1426,373,-42.9479014146583
1364,469,-31.5873956830914
1366,557,-31.6258261487807
1489,597,-43.947967261895
1475,259,-44.2397705365357
1438,983,-44.2391080716918
1440,905,-43.5590816116193
1463,933,-44.2215501153699
1460,980,-44.7914847939891
1399,968,-41.4740103076314
1403,671,-41.1350496406746
1370,834,-33.2208180201732
1432,819,-43.1997189867084
1416,741,-43.4239846960434
1500,1212,-46.3892383767658
1395,1285,-43.498209905153
1371,1198,-35.5057813639277
1396,1200,-42.5709817333742
1429,1169,-45.3477250880385
1402,1050,-42.9386809449251
1450,1228,-46.5474263087035
1488,1171,-45.8102875192701
1445,1024,-45.3929803787678
1639,-1194,-47.3327746222656
1516,-1152,-47.4325758744364
1646,-1083,-46.641323463956
1559,-1177,-47.1374958555553
1551,-1105,-46.6120079294983
1622,-1378,-47.7909942848474
1526,-1308,-47.3958499289515
1591,-1045,-47.5613313455958
1593,-1128,-46.7944926362267
1631,-907,-47.2371946611092
1598,-968,-46.5659443283113
1539,-713,-48.1181732363949
1570,-760,-46.7655384745469
1543,-760,-47.22481675155
1539,-964,-47.4469129240943
1632,-657,-46.2230958271936
1627,-823,-47.5077902648492
1636,-935,-46.3960501965382
1583,-448,-47.0091970343474
1543,-304,-47.1516480376483
1562,-545,-47.6452019369466
1591,-343,-46.403539564412
1557,-433,-46.408197839959
1559,-408,-46.5579948015306
1571,-421,-46.416201406166
1616,-474,-46.9496021007062
1621,-589,-47.6323748930066
1636,-17,-45.4932998155725
1545,184,-45.5548754089373
1513,-179,-46.4995047566007
1642,131,-46.1272015443083
1522,86,-45.7394840362681
1597,-2,-44.5864932036117
1568,86,-45.5529874375946
1639,40,-45.3173904289945
1526,192,-45.4711376263275
1624,251,-45.2714127055613
1564,470,-42.7742891669473
1527,535,-43.4059144440372
1553,574,-43.5234899861843
1586,553,-43.914087008584
1518,346,-43.4749552881318
1554,532,-43.9657350660331
1600,421,-42.9458523268873
1616,227,-45.3200755358684
1592,959,-45.0187214362996
1605,848,-44.7622764097477
1523,630,-43.9180271727729
1568,881,-44.7384403638067
1527,770,-43.6418274848888
1566,854,-44.3984813195634
1601,639,-44.7036415422227
1597,924,-45.4119184515133
1536,674,-43.7396010824827
1635,1235,-46.8685556272338
1518,1063,-46.0855711439271
1606,1010,-45.9470956823936
1561,1235,-46.4331406970283
1523,1299,-47.0542831399066
1639,1025,-45.9513646586225
1564,1067,-45.8963911530422
1583,1076,-45.5707177724792
1601,1319,-47.6617434553134
1781,-1030,-9.95253904715342
1744,-1331,-41.1995543013917
1741,-1232,-41.633041297601
1766,-1390,-26.5240475721347
1700,-1273,-46.4469958866801
1763,-1134,-28.251065977696
1769,-1079,-22.3645636049814
1721,-1020,-44.6553417490198
1737,-1193,-42.7181150257432
1773,-958,-18.3993344186616
1777,-822,-15.1260634603036
1788,-874,-4.7327736306468
1739,-667,-40.9335623599392
1776,-841,-15.8574959558495
1771,-795,-20.7527395641617
1757,-787,-33.1248232306301
1666,-776,-46.3094500976476
1663,-607,-46.9990498558674
1695,-209,-45.9834365450941
1772,-264,-19.867108926875
1724,-237,-44.201602824239
1697,-414,-45.3071123600006
1784,-211,-7.60252885715598
1700,-303,-44.3771868017346
1771,-558,-21.3868042377201
1703,-241,-44.9736711435757
1676,-392,-45.3305346802196
1741,-142,-40.7291108982532
1675,-145,-45.2161354420693
1787,157,-4.49385159086253
1771,148,-19.7163534029291
1670,62,-45.8315808800751
1701,65,-45.3534354811338
1764,188,-26.9158223254164
1714,-93,-44.8731222797268
1777,-23,-14.5218368452058
1754,530,-33.3319980096122
1711,339,-43.8930261195973
1667,348,-43.198668636306
1753,378,-34.630852072138
1768,305,-23.0657915080301
1676,233,-45.4293154225819
1669,389,-43.3103501323723
1703,221,-45.54091681136
1753,467,-33.6453929731913
1674,941,-46.0801301451184
1667,910,-45.4741195560488
1726,796,-44.0801995502593
1746,971,-40.4799884903806
1700,861,-45.102596828774
1788,873,-6.43882043090928
1722,957,-45.7709407169112
1755,775,-33.6001752681918
1688,749,-45.0869425353618
1737,1182,-43.0219473552994
1762,1398,-30.7021666500561
1753,1206,-35.9554838014963
1778,1058,-14.6668207838523
1763,1320,-29.1140660647942
1698,1320,-46.8118189136181
1683,1018,-46.2670720508195
1799,1078,1.20096567219023
1742,1254,-41.2973219654312
1839,-1266,8.57754534738776
1850,-1300,9.03546352784991
1820,-1348,8.05245509659249
1860,-1150,10.7083264604497
1925,-1214,0.74070535141389
1847,-1331,9.81485909661594
1933,-1317,-3.77489347649833
1884,-1231,9.30029917321446
1876,-1173,10.0002684533526
1853,-689,10.6293355365202
1834,-763,11.0435046159877
1888,-819,10.1436774830436
1908,-793,7.11508686886967
1815,-803,8.1567430653261
1868,-823,10.9926029793931
1921,-777,3.01256364245044
1923,-966,3.8364685892082
1880,-645,9.35898977157409
1892,-275,8.73982075413048
1930,-492,-1.55166243588958
1894,-211,8.66746748767378
1812,-504,5.21915357025205
1927,-342,-0.637295129676256
1881,-575,9.21816313784764
1833,-348,10.0223831417065
1876,-311,9.9609497247061
1853,-329,10.8555852378385
1880,25,10.0887983168513
1942,-74,-9.19905631564072
1930,174,-0.953002193650513
1885,-126,8.93400456119216
1939,138,-6.34029079533161
1942,79,-7.84429143690855
1837,-48,10.0295080933846
1828,173,10.8474489533668
1813,107,8.10460300197014
1925,360,1.50924767481108
1818,482,9.23671033445905
1896,263,8.21415944166863
1861,355,11.0602125472007
1862,284,10.1963838695448
1830,555,10.7488330140465
1864,417,11.0358225163554
1934,390,-3.46431184404634
1830,444,10.2974978688509
1833,984,8.72547643711707
1897,762,7.33187357290749
1818,694,8.61787569654981
1874,886,7.79064263304232
1812,741,8.12762334084266
1876,630,10.3396175907561
1941,925,-9.49150677981758
1834,913,7.40986007790169
1827,708,10.0240004221257
1940,1019,-9.70887055321315
1923,1341,-0.259276817953931
1845,1331,9.30087225878608
1885,1079,7.47846622830538
1943,1186,-12.088275734872
1826,1350,8.31857712422873
1898,1248,6.11876053517726
1936,1140,-7.49034507882731
1811,1344,5.82411085146766
2100,-1196,-27.9504604114167
2087,-1378,-36.6592227112907
1972,-1353,-28.0554234068244
2063,-1022,-37.1627264207181
2093,-1292,-31.6116977488071
2040,-1018,-38.4154994624423
1963,-1388,-23.9095902210736
1972,-1044,-25.9718826181471
2076,-1351,-38.3014996213042
2080,-646,-34.6657831828354
2000,-677,-36.8150257191117
1968,-606,-25.1755482766644
2080,-888,-34.1332199293749
1990,-872,-31.5914598527814
2007,-736,-37.0208998163268
2049,-758,-37.5913877169162
2036,-969,-38.4584826438206
2052,-795,-37.1674761538668
1999,-394,-37.0588749007801
2034,-404,-40.3577581266432
1982,-543,-31.027970454122
2028,-255,-40.4540477806305
2057,-202,-39.5035496484186
2011,-238,-38.5528189926955
2086,-517,-34.5202181781324
1989,-582,-33.6998101753147
1998,-273,-36.8477242069065
2039,-146,-40.5650568612959
1985,-4,-33.7800331113519
1972,-18,-28.1536354391057
1963,97,-21.9636860048123
2013,97,-39.1593000598739
1998,-158,-36.8425824163314
2053,-123,-39.6764783125617
2068,-179,-38.4225840945836
2081,-134,-36.1403994184553
2052,342,-39.2163901194102
2071,221,-36.7272060423612
2080,443,-35.5391174459952
1968,328,-23.4102841174211
2052,476,-39.2645015658916
2069,352,-37.5050351322689
2028,210,-39.8561536801434
2063,596,-39.6793161453475
1989,368,-33.1298469256316
2067,734,-38.5375551950028
1992,733,-35.3919269362154
2043,943,-42.299643037527
2022,984,-42.8631383059564
2015,701,-38.9569779751554
1965,976,-25.4997725826805
2023,771,-41.459985622731
2092,688,-32.4905594844475
2036,642,-41.4260456372985
1987,1195,-36.9529117757786
2100,1092,-31.1546423973595
1965,1090,-26.0160656738528
1993,1108,-37.9291922097121
2022,1043,-42.8406518564097
1979,1132,-33.1075967232048
2040,1064,-42.7033958641725
1961,1107,-23.5282924265899
2052,1111,-41.8762883029579
2185,-1178,-2.6401952424308
2214,-1311,-3.14806835115655
2155,-1001,-3.50946145821942
2124,-1107,-13.8214381990473
2202,-1045,-1.16147636759791
2182,-1347,-4.24071390981543
2117,-1262,-18.9054509987628
2180,-1264,-3.06131097777763
2241,-1131,-2.02889703741045
2236,-890,0.0414666464392455
2218,-666,-0.734193321416071
2173,-746,-1.48440592107667
2109,-781,-21.3824236755814
2157,-725,-3.49606439572796
2195,-653,-0.996560521727477
2128,-611,-13.2220572676964
2145,-812,-5.10708901930083
2192,-942,-1.51913162970062
2219,-389,-1.00492523992749
2140,-267,-8.66003686475493
2229,-208,-2.32121586782743
2177,-213,-3.02217855481437
2126,-483,-14.2944615653269
2210,-501,-0.819614778535703
2243,-348,-1.40343733805509
2165,-289,-3.48028204653515
2232,-254,-2.02072270908082
2202,94,-2.05112063000094
2171,39,-3.6702367008954
2166,-68,-4.34062751016664
2131,16,-12.4588160953329
2183,-43,-3.54494936563395
2193,-169,-2.60451719344129
2137,57,-10.1791233526042
2242,80,-1.85784791954459
2151,-29,-6.67215886705592
2154,557,-6.31828157308858
2234,429,-3.6181570230979
2149,353,-5.90207990712955
2178,390,-3.42671349133092
2116,438,-19.9804912891949
2144,388,-7.64666260937496
2120,455,-18.214767924722
2216,350,-3.03060644019966
2159,411,-5.22300416094961
2195,885,-4.40146483936241
2165,965,-4.38115248476087
2229,705,-3.14786348947876
2132,899,-13.9830998161243
2238,738,-3.29548005651634
2234,862,-3.66491721956245
2234,623,-2.20229140691727
2246,817,-3.65300625254226
2128,619,-13.6816821855576
2220,1318,-4.10010023511602
2181,1199,-4.83384552352409
2230,1264,-4.06464553064118
2186,1349,-4.54899178164563
2238,1090,-3.68971228948551
2168,1287,-5.94543446695814
2199,1024,-3.78875054507517
2204,1260,-4.28716500153587
2112,1362,-25.2735514547048
2361,-1254,-4.3928513335283
2345,-1102,-3.4293788666353
2359,-1166,-3.38827968826771
2368,-1205,-3.12749638548451
2270,-1369,-4.32322559777973
2331,-1298,-4.00571857777829
2303,-1076,-3.12615823228638
2392,-1173,-3.81270154612558
2261,-1063,-2.01832894789894
2352,-963,-2.64237427566654
2336,-755,0.150501531736317
2383,-615,0.0186841420629307
2272,-907,-0.984490392331704
2346,-813,-0.122664768977019
2375,-826,-0.147589395555682
2272,-990,-1.80096421748367
2328,-912,-1.84017871013811
2302,-651,-1.03982098581079
2368,-434,1.3982452005777
2270,-266,-1.60013380818052
2290,-242,-0.748420695902525
2309,-527,-0.539871666723119
2317,-423,-0.480241796029448
2317,-569,-0.582311414339541
2313,-319,-1.37970551308579
2355,-413,0.550684815619799
2386,-325,-0.288978311340435
2263,159,-1.66459416683579
2324,83,-2.444776360797
2267,-7,-3.17653692174286
2376,-7,-2.36874114732863
2259,-80,-3.04746114208604
2316,-93,-3.1002523613236
2395,4,-1.95682137756665
2373,159,-1.93244122192031
2344,-91,-2.70796717148288
2288,350,-3.9163742951075
2262,358,-3.60273595978012
2391,595,-2.39867654589012
2347,242,-2.76880847330568
2331,237,-2.53783770353929
2342,310,-3.20673279223496
2264,485,-2.54558308351055
2348,436,-3.0538020828245
2313,393,-3.35405457189129
2397,629,-2.523542574126
2265,652,-2.73937609292975
2315,850,-4.67412619660664
2278,764,-3.41399650492794
2297,824,-4.38397535180293
2271,830,-4.30348929408844
2326,612,-2.88886310036342
2365,812,-3.71890431347346
2383,997,-5.14304500307839
2363,1113,-2.64603372747493
2277,1385,-3.49276151502008
2283,1134,-3.41176455593971
2341,1393,-3.7306723984653
2381,1167,-1.77294057444675
2316,1142,-2.7365842218364
2371,1302,-3.50441255481238
2389,1153,-1.68652909103557
2396,1106,-3.01212896377135
2431,-1333,-3.86152479903164
2528,-1040,-0.128519710563538
2461,-1307,-4.28703821984725
2534,-1346,0.311837424063145
2473,-1141,-3.60405873707161
2507,-1209,-2.85168634153355
2519,-1377,-2.13997675072215
2545,-1214,1.66368880824452
2493,-1041,-2.3758689865311
2519,-954,-0.817600233895919
2550,-957,2.69481560900103
2469,-890,-2.18269296007647
2439,-832,-0.50057472348821
2536,-831,1.62093250031958
2470,-709,0.648436321964011
2455,-982,-2.65829702379545
2480,-967,-1.63021791148064
2503,-755,0.972608438155572
2415,-544,-0.219077662876429
2409,-238,-1.42308143132606
2545,-329,5.00084082475772
2444,-241,-1.27626423873934
2539,-287,3.06241481046688
2527,-265,1.43678380975314
2505,-320,1.16161524734945
2547,-409,6.27740106905293
2499,-304,0.652215417614995
2461,-92,-1.60927799433433
2472,137,-1.91439829446599
2440,82,-1.68011763221764
2528,-108,1.23881021880918
2540,-189,3.36064679184905
2539,-73,2.44670997186717
2436,-29,-1.79751539561183
2513,-73,0.122623002394554
2515,-134,0.433759580483353
2476,245,-3.07187476682674
2525,359,-2.27320731439066
2462,430,-4.01252488657992
2547,511,1.85645469838013
2411,542,-2.71345346970042
2546,381,0.175744465978847
2495,578,-2.35267935386774
2492,237,-2.70420302821079
2474,287,-3.25827313153355
2523,931,-1.39126925653779
2521,639,-1.96171167981594
2531,844,-1.04235798350299
2473,931,-4.580553366594
2430,871,-5.6641437447487
2412,745,-4.01919037310025
2541,676,0.290453342567974
2526,760,-1.38868915576735
2506,903,-3.41862889955232
2466,1011,-4.01170292259456
2506,1225,-1.59248477829235
2518,1158,-0.710132615761602
2518,1397,-2.14799292725093
2541,1359,-0.0474402015343343
2494,1161,-1.66326764693642
2433,1184,-2.42251039487593
2541,1397,-0.0829937673336987
2445,1359,-3.47260486962607
2688,-1247,-10.5095947118976
2669,-1321,2.09298840439774
2690,-1298,-11.87542811623
2658,-1290,6.32922084793827
2630,-1314,10.2730886093993
2600,-1317,9.72082335563739
2673,-1165,-0.209466429185212
2565,-1008,6.10590722651176
2584,-1223,7.84175351246289
2647,-678,10.3817966396859
2575,-886,6.97915928257145
2626,-646,12.7223847806923
2562,-739,6.73612815696431
2575,-677,9.33387087330709
2656,-725,7.90049610898399
2681,-783,-4.59265751577569
2636,-807,11.3231061166436
2564,-869,5.47576336019643
2651,-226,9.94356862283181
2640,-399,11.5752365460996
2568,-280,7.59512260476501
2612,-393,13.3310293776512
2644,-361,11.1260543355382
2668,-508,5.89974952705961
2559,-228,6.0903291414241
2650,-294,10.8491084402392
2684,-432,-5.18266077922811
2641,165,9.69238153369125
2574,168,7.2360304440553
2684,-58,-7.60382937375899
2606,63,11.46945694347
2650,-91,8.3596979278699
2592,-106,9.78215453254181
2668,-92,2.9024908091292
2571,-22,7.38810038888353
2582,84,8.14821119116835
2655,539,6.55322007055943
2689,345,-11.1136120221891
2676,306,-0.851718671002216
2665,400,4.04552137381132
2631,557,10.3650481677198
2659,354,6.23322446233522
2658,457,6.42293676173589
2683,458,-6.55932745460283
2574,210,7.1853540213233
2680,817,-4.56708524499682
2662,719,4.19969603487553
2619,646,9.37219692621465
2698,827,-20.2483052704952
2594,797,8.06776345777242
2570,833,5.05689914716993
2563,857,3.85499251159232
2697,667,-19.6479695101987
2561,922,3.61066058495603
2584,1241,7.99883859363301
2654,1093,7.46290910843862
2624,1390,8.20429738471634
2657,1320,5.73998800799593
2634,1156,9.5983446816147
2585,1340,6.46792396262055
2678,1185,-3.63981365356872
2587,1152,8.57091292555883
2647,1211,7.83342279980818
2823,-1148,-45.8701029974253
2733,-1386,-42.4472316477685
2754,-1137,-45.4304391122331
2802,-1362,-47.1156895035993
2838,-1169,-44.2141240393497
2748,-1322,-45.1986993687807
2713,-1230,-32.3015353129342
2814,-1269,-46.7100288169786
2748,-1367,-45.2053166357033
2760,-609,-44.8289778976173
2786,-871,-45.2561701345149
2713,-831,-32.7151565078912
2803,-976,-44.8300509234279
2720,-849,-37.0351146462276
2709,-869,-29.8503153123662
2755,-714,-45.7504814240418
2844,-882,-41.3135447704885
2773,-772,-46.1209669991789
2767,-219,-45.0454513105662
2746,-291,-41.8742319873291
2825,-243,-43.8540701244448
2720,-352,-34.178541437979
2777,-498,-45.8027492406807
2734,-451,-40.6143436586902
2791,-248,-44.7193787280508
2736,-261,-40.2753847840652
2745,-436,-42.9263284423615
2751,122,-45.7725418331701
2848,-89,-41.7985461229444
2728,-40,-40.5143928313159
2736,146,-43.236734497154
2766,2,-47.5055963458397
2736,-123,-42.25043373829
2780,-169,-45.8366494470745
2807,137,-46.3075828459915
2792,77,-47.755073549349
2740,575,-44.3480117104945
2721,439,-36.5980088626091
2780,454,-47.0883521841735
2770,216,-45.790685654241
2717,216,-35.2304528299888
2728,315,-38.79011864446
2849,215,-40.2657103901691
2840,500,-43.3923235585021
2849,323,-39.9548913226958
2834,669,-45.2103861970373
2715,725,-34.3051119688665
2842,924,-41.5254246909035
2738,724,-43.8455553270942
2757,764,-46.0920942877922
2843,727,-44.1275811092011
2737,901,-43.2986487074566
2811,614,-46.277489930678
2794,795,-47.3028723801156
2779,1390,-47.9329635346593
2791,1036,-45.6829649393606
2710,1346,-31.1578560558344
2711,1203,-31.4099447058215
2832,1212,-45.242595346187
2718,1222,-36.0469091750057
2739,1351,-44.7589710506506
2810,1062,-45.5361192768685
2727,1021,-38.7354388165896
2973,-1050,-26.2886158816195
2932,-1021,-26.7303305767187
2896,-1133,-30.8489320493433
2907,-1331,-28.7334162566952
2993,-1386,-27.2666081851664
2931,-1340,-27.1265746248237
2999,-1012,-27.1086811393943
2948,-1205,-27.4161904841501
2884,-1254,-32.9710199991821
2944,-715,-26.8951179413071
2990,-862,-27.5914450570149
3000,-785,-26.7736430727623
2861,-884,-37.8275685577519
2874,-961,-34.5926632000394
2974,-987,-26.9768473487608
2904,-762,-29.433341715845
2884,-759,-32.9255230892647
2921,-862,-28.1797004764008
2991,-231,-24.886207236507
2859,-261,-37.7780998332834
2979,-462,-26.178245631777
2881,-442,-32.2304541288316
2992,-325,-25.5248406430345
2989,-507,-26.1263518522152
2883,-228,-31.652589286586
2966,-265,-25.8440191635395
2911,-209,-27.1476429049522
2906,51,-28.9491558395061
2872,-120,-34.2041397546142
2866,-57,-37.4681514866112
2962,68,-25.8751028977892
2898,-115,-28.2443487162399
2875,97,-35.2942161860354
2968,-45,-25.1673972554921
2885,-24,-32.6199527496305
2964,196,-26.7100174067777
2993,304,-26.4696419045584
2860,243,-37.5582025555069
2986,222,-26.5342145317354
2960,596,-26.0079929978515
2958,406,-25.4525653266702
2896,540,-30.1421056164552
2884,571,-32.6759899451083
2953,359,-25.8141630640441
2978,545,-26.2561935613535
2948,888,-27.149861823221
2883,955,-32.0891247686816
2896,659,-30.3069504586152
2923,998,-28.0757653563629
2935,804,-26.9777563174157
2981,872,-26.5674459436448
2985,624,-26.4698689603853
2924,927,-27.0468010066001
2899,943,-29.0878338141813
2980,1021,-28.109493917465
2933,1241,-28.5491463395644
2934,1161,-28.9508850586023
2975,1309,-28.2568043578805
2875,1335,-37.1847658082685
2926,1349,-29.0940529874088
2994,1358,-28.0252750893343
2865,1193,-37.5868196969665
2905,1183,-29.6565864535227
3112,-1222,-26.845704307477
3126,-1267,-26.236164993634
3039,-1193,-26.3490248255592
3051,-1159,-25.9979362656683
3146,-1006,-27.3472565665816
3119,-1067,-26.576980377151
3022,-1317,-26.8997342867459
3041,-1033,-27.2670343205331
3032,-1009,-27.1886960187073
3080,-725,-26.8370967597625
3125,-746,-27.1558241773126
3025,-759,-26.0306545442282
3135,-781,-27.1966743133738
3126,-646,-25.8410751032655
3100,-790,-27.0804951941482
3044,-967,-27.0204210157792
3093,-638,-24.9546008112933
3143,-657,-26.2415843946435
3076,-532,-25.4776581126759
3088,-260,-24.8151568205637
3103,-527,-25.4810654338901
3049,-470,-26.0313507651224
3011,-355,-25.5661654346964
3111,-563,-25.4085679154415
3026,-245,-24.6109726435617
3098,-498,-25.7014922718489
3096,-425,-26.1502715407174
3083,168,-26.3487083544091
3048,81,-25.831573494233
3093,-138,-25.3698421217793
3070,-148,-24.6925687831338
3096,43,-25.410398893814
3026,148,-26.2132098323874
3100,-82,-25.352790614283
3061,158,-26.0564586244098
3088,-51,-25.3879464526894
3038,512,-26.6114504524555
3122,510,-26.526768411086
3150,236,-25.6195657252041
3039,412,-26.4760623487737
3031,580,-26.4501169731278
3049,559,-26.5155564661275
3147,413,-26.6171533444346
3059,361,-26.430868851586
3112,300,-26.355313407173
3056,982,-28.2365078675756
3097,681,-26.242757711017
3138,782,-26.692514760085
3035,824,-25.4678973692123
3097,746,-25.6335579651302
3072,855,-26.2097998639453
3043,608,-26.5967402639924
3058,736,-25.3292991314671
3115,609,-26.7715403478404
3125,1133,-27.5387229442398
3084,1230,-28.3276993213507
3117,1252,-28.5679762745392
3146,1337,-28.5611476365437
3091,1319,-27.9080299023853
3054,1198,-28.157087207613
3054,1171,-28.1399805259856
3033,1330,-27.741429881509
3055,1272,-28.0390529666762
3182,-1195,-27.3561244989397
3263,-1128,-26.3883969636212
3299,-1332,-26.6715655235986
3250,-1339,-26.0482790656778
3221,-1141,-27.0102566041296
3172,-1231,-26.6037243779627
3185,-1388,-26.75488592225
3273,-1101,-26.2733056956573
3280,-1208,-27.3923518854981
3205,-726,-26.5027319869491
3260,-652,-26.6044140744695
3257,-951,-27.380997221303
3204,-977,-26.2205951110296
3171,-943,-26.9744564053528
3199,-642,-27.6546156787679
3269,-814,-26.806253545701
3191,-919,-27.0769070035556
3224,-655,-27.203036805022
3249,-478,-26.6401956819872
3201,-211,-26.9683167953898
3279,-573,-26.665741560638
3298,-512,-25.6872110275054
3288,-539,-26.0988471846202
3258,-509,-26.228008905081
3231,-369,-25.7484697072335
3285,-366,-25.7905780600233
3265,-340,-26.2851590270427
3183,69,-25.8603434445789
3194,-4,-25.3871298052993
3197,-176,-25.9750268606921
3272,96,-24.7071990053856
3276,-103,-27.3811117952926
3165,-2,-25.697637841384
3282,118,-24.3570009758993
3167,-126,-26.1863454950445
3233,-116,-27.061236756632
3295,536,-24.8242937056856
3165,328,-25.492172926944
3189,595,-25.2405766206399
3193,241,-25.2358617059469
3229,230,-24.3813683481012
3260,333,-26.6547900233327
3273,442,-25.7049694854262
3176,465,-26.3097026974964
3228,336,-26.2546669036341
3296,712,-26.8361564629422
3259,712,-26.3760468938807
3200,955,-28.0442900422225
3294,866,-27.1773631316865
3202,679,-25.7711100584991
3165,629,-25.5089069834045
3180,665,-25.8791377999719
3177,704,-25.9430448702757
3196,737,-26.146446004711
3202,1239,-28.5360114746788
3225,1372,-29.1322647598371
3285,1085,-28.5371512939127
3223,1148,-29.2714978082272
3170,1235,-28.9614478053169
3275,1145,-28.1722865042375
3270,1108,-28.4812428818159
3174,1031,-28.0795859382126
3187,1395,-28.9204854332781
3428,-1071,-26.8347865229865
3381,-1193,-27.1734953297325
3435,-1315,-26.2984651891436
3423,-1131,-27.2501940972402
3384,-1018,-25.8514065207519
3321,-1241,-27.4658053261727
3380,-1284,-26.9698846414291
3395,-1106,-27.093377405777
3378,-1336,-26.2493805267097
3445,-859,-26.7604061074665
3381,-726,-27.2271213242019
3324,-778,-27.5869700458849
3344,-877,-27.518088350781
3381,-839,-27.0454873156756
3347,-756,-26.9116285662136
3433,-944,-26.016383573299
3404,-638,-26.2731776367036
3416,-935,-26.5808041759913
3424,-217,-27.9887062258448
3378,-290,-27.0863551801251
3446,-437,-26.5808498760058
3367,-245,-27.7950828233997
3388,-461,-26.4061711999465
3326,-580,-25.9413283414392
3333,-255,-27.4176014585237
3356,-540,-25.707136684086
3386,-244,-27.5431402799176
3376,-77,-27.679819303753
3389,67,-26.082999468393
3376,-115,-27.7447051369039
3390,-36,-27.12153757985
3314,154,-24.7987869542757
3413,100,-26.4555146178905
3312,109,-25.2862587726204
3342,-151,-27.9920437388978
3432,-162,-27.6753257354491
3397,557,-25.7442294760466
3418,540,-25.6806099603997
3351,511,-25.0309664827724
3324,573,-25.3139309830718
3329,541,-25.0110928467499
3370,515,-25.1915731620981
3424,594,-26.8746338574158
3413,402,-26.1169901556484
3377,312,-25.7037414458572
3383,939,-29.4847294901358
3319,767,-26.5321919590623
3381,903,-28.4346924821944
3403,939,-29.5108896341086
3418,967,-29.2257026233732
3324,821,-26.9095182140259
3413,719,-26.2956473851873
3366,619,-25.7428741390106
3394,964,-29.3861718841577
3412,1276,-28.517061252438
3388,1131,-28.7756816389564
3311,1050,-28.4729870471504
3407,1093,-28.6316668044228
3328,1180,-28.1581796019026
3443,1032,-28.356481270436
3400,1382,-29.4717696271473
3419,1297,-28.4621569647568
3439,1218,-28.6418975085809
3550,-1147,-26.9051785809193
3476,-1223,-27.2896987204869
3484,-1152,-26.8671434586205
3498,-1384,-26.6829873207554
3559,-1029,-26.2698030657469
3573,-1309,-26.7367015179914
3592,-1074,-26.5856446920213
3597,-1309,-26.5906457616837
3467,-1346,-25.6734545725027
3522,-679,-27.6078712852345
3585,-779,-27.5965843891551
3500,-655,-27.0242014815273
3479,-622,-26.3628805396803
3477,-781,-26.5336304431925
3485,-924,-25.8644854863406
3489,-671,-27.3665689863782
3570,-948,-26.4310094554318
3466,-748,-27.2312915419379
3518,-587,-26.9123252944814
3530,-532,-26.2208742684064
3494,-357,-26.3215213086582
3492,-488,-26.6195093651449
3566,-450,-26.5782297760566
3567,-472,-26.7164203568283
3459,-260,-26.8455753218021
3465,-409,-26.6484507434735
3563,-587,-26.2187085212123
3590,-30,-26.4410360833521
3600,110,-26.8214884201107
3461,-182,-27.2313726713517
3523,-182,-26.2337689238499
3589,19,-27.3177704445671
3525,-12,-26.3970762159736
3462,-138,-27.3415564931415
3514,26,-26.6724878132046
3520,-92,-26.6255831800966
3459,371,-26.3438605732503
3599,588,-26.4572273280003
3544,237,-28.2413803418503
3515,403,-27.7874111203172
3583,523,-26.8078580617306
3480,418,-27.5358459443762
3517,340,-27.7720735473575
3506,280,-27.9871155223864
3507,580,-26.7231308855808
3522,837,-26.383664956962
3483,689,-25.5678195351251
3474,759,-25.6232063777729
3465,874,-28.0294747538273
3547,750,-26.8936056251819
3496,731,-25.6593699016999
3545,838,-26.9345812932403
3510,989,-27.6021004942676
3531,671,-25.9916679693537
3493,1384,-28.999781830542
3544,1303,-29.2598824592482
3478,1364,-28.4939719350061
3491,1282,-28.9068962676623
3532,1010,-27.9780202001344
3509,1357,-28.7871892164276
3532,1079,-28.7028721744463
3525,1030,-28.8094290416286
3580,1207,-27.8279921255222
3609,-1299,-26.6471308518818
3672,-1140,-27.0392160988922
3619,-1225,-27.1288865570866
3635,-1263,-27.2267049183018
3690,-1154,-26.4918222491212
3661,-1295,-26.5921193239509
3732,-1331,-26.565623071077
3641,-1001,-28.0562985414373
3646,-1383,-26.7545159985431
3690,-715,-26.832646941515
3732,-890,-28.4308504641558
3631,-723,-26.8420644129285
3749,-929,-28.8324283980275
3696,-807,-27.2800463761188
3622,-876,-28.0760581084274
3687,-665,-27.4808930831732
3725,-912,-29.0509950254516
3646,-757,-26.3961586123642
3671,-444,-26.6992917283536
3707,-363,-27.0481593822433
3690,-453,-26.7787126494717
3622,-360,-27.166221142994
3722,-270,-27.8731808330859
3645,-582,-26.73808340681
3662,-209,-27.1485558841842
3716,-299,-27.7074254099841
3644,-391,-26.6377395124493
3717,183,-27.6330065003029
3702,-119,-26.1240198441722
3739,-13,-26.9931646443851
3647,132,-26.9074377527347
3662,77,-25.8792231407311
3687,133,-26.7035002036812
3717,-149,-26.5520716042549
3689,156,-27.1044946783396
3682,-188,-27.1307196930044
3708,219,-27.3680397179593
3728,359,-26.9839373301182
3740,314,-27.2730951052208
3654,238,-28.4849216529897
3647,414,-27.9004378852523
3660,275,-28.6049209102487
3615,393,-27.9306733517306
3718,530,-27.5691708586049
3702,515,-27.7817589972408
3611,702,-27.5573597163118
3660,738,-27.8587510659028
3652,935,-26.6938460749425
3681,737,-27.8381962219471
3709,885,-28.1664537591907
3629,662,-26.9989723235052
3672,758,-28.1979185446742
3681,860,-27.3174587715492
3612,621,-26.4012190078205
3610,1145,-28.2904126697029
3649,1326,-27.4744029908921
3629,1258,-28.7853707077229
3714,1135,-28.4845685799202
3645,1139,-28.3030802807827
3658,1361,-27.4254647469552
3616,1320,-28.3631513229401
3663,1101,-28.4681750347525
3676,1155,-28.5098071231224
3816,-1246,-26.0355309467697
3876,-1155,-26.3109569192141
3768,-1190,-25.5743518221848
3788,-1037,-27.7472925267838
3764,-1391,-27.0578715323237
3844,-1039,-27.9902417903121
3867,-1103,-26.1862953155709
3813,-1124,-26.9634948653154
3810,-1228,-25.5372066919929
3803,-616,-26.4755086557959
3793,-691,-27.6639427454452
3795,-990,-28.3934736275084
3818,-886,-27.6476895421645
3825,-964,-28.8079298463682
3827,-726,-27.1384554212495
3868,-749,-27.5377198527533
3900,-769,-28.2693199034478
3803,-785,-27.1587758225303
3861,-308,-27.2120022913848
3831,-429,-26.8593449933274
3832,-524,-26.5223861158357
3846,-579,-26.9014661958877
3866,-540,-26.9607120442187
3849,-276,-28.2234947292646
3881,-254,-28.5650306960636
3785,-365,-26.5432580256197
3798,-471,-26.0205230011052
3883,-70,-27.781888493376
3777,93,-26.7797815910219
3876,75,-26.8371546609068
3874,-26,-27.4036355162621
3764,-156,-27.1712152991382
3894,-166,-28.5867771048174
3851,34,-26.9630887275297
3855,181,-26.1429219091542
3887,62,-26.8696154333377
3799,502,-27.5715262180984
3788,283,-27.4963720879271
3808,354,-26.4301371601253
3847,371,-26.4909787004223
3879,402,-26.93205894631
3839,439,-27.0350487421869
3794,414,-26.3660521116809
3885,528,-27.9053759941764
3849,339,-26.7914166365203
3781,879,-27.776295099806
3886,873,-26.8285058621795
3805,889,-27.8267311693026
3887,630,-27.0656274408251
3762,844,-27.6489369905437
3798,711,-27.3724627014176
3783,792,-26.6439769401266
3864,921,-26.5584382180219
3785,906,-27.7851512861876
3835,1010,-27.8168834237412
3830,1163,-27.7157897990593
3836,1145,-27.8682668434815
3881,1122,-28.0722707481061
3861,1083,-27.5951398415635
3893,1105,-28.0552380693251
3838,1259,-27.8907854526138
3785,1363,-27.4223638551458
3771,1221,-28.3594330895254
4008,-1144,-26.6415759931858
3990,-1364,-27.8335789323689
3968,-1247,-25.8856157818649
4011,-1363,-27.8706380010388
3989,-1229,-26.1486494370939
3961,-1020,-27.2027336136882
3954,-1115,-26.8971186206998
4031,-1296,-26.6519828503981
3939,-1266,-25.9502010066723
3994,-813,-27.5052600325276
4037,-652,-27.411079414485
4038,-695,-27.8368142709459
4018,-722,-27.730583360084
3967,-855,-27.2369345764433
3952,-671,-28.16596531643
4027,-636,-27.3900971839122
3918,-709,-27.5919733510861
3942,-822,-27.326404376602
4016,-293,-26.7570500740804
4047,-353,-26.4754188321803
4005,-308,-26.6502411164953
3994,-539,-27.8993286894533
3944,-299,-27.3300038082328
3934,-585,-28.1881846152095
3930,-287,-27.8336579594919
3985,-491,-27.4003260316515
4019,-445,-27.1804394467052
3984,81,-27.1148078806706
3931,196,-27.0045032185167
4005,50,-27.4228258094501
3912,-191,-28.6427012061011
3922,-163,-28.5928024292314
3944,101,-26.6156383464178
3921,71,-26.5504162327345
4049,142,-26.7755334219821
4033,53,-27.8678089296897
3978,256,-27.4091542903321
4019,230,-27.9606670052447
3975,406,-29.0570574303787
3966,209,-26.4563447823035
4001,597,-26.617880162446
4049,414,-29.8858523671409
3974,494,-27.4170877393312
4008,483,-27.7327233791796
4004,216,-27.3959408603779
4032,904,-26.6772519950979
3998,665,-26.3064335742635
3937,892,-25.7806169923795
4026,877,-27.4688107150713
4047,856,-28.2963596172819
4028,731,-27.2852885944243
4018,819,-28.0637172436194
3977,984,-27.1867569527981
4016,774,-27.7555492078405
4021,1292,-27.6110749559497
4000,1129,-27.9830584100318
4022,1164,-27.5563792343411
4030,1216,-27.7702993875638
3968,1082,-28.1366938683284
3944,1030,-27.6200507447573
3962,1145,-28.6762956351394
3909,1042,-27.2678932461383
3967,1099,-27.8893878507573
4095,-1025,-27.4468002185939
4087,-1371,-28.0007025073965
4199,-1237,-26.8864601267623
4187,-1060,-28.1582303564741
4176,-1214,-27.2692632477114
4138,-1181,-27.0702913827937
4064,-1162,-26.6693573114229
4116,-1051,-27.3705813352634
4163,-1068,-27.9401794049871
4155,-979,-27.2480006169953
4091,-686,-27.3355515467435
4101,-863,-28.0946675671297
4191,-944,-28.1854783939657
4145,-873,-27.3786195734351
4183,-604,-29.1611923096322
4169,-728,-27.4616240141512
4072,-622,-27.8510157989984
4115,-624,-28.4175463457679
4118,-577,-27.725844742356
4068,-366,-26.4343964618493
4159,-287,-26.6979127692158
4105,-558,-27.5122847043036
4155,-440,-25.8322939116673
4156,-506,-25.7349806006383
4109,-361,-26.1978569894932
4193,-513,-26.5706499827285
4092,-415,-26.5843621542113
4069,195,-28.018861272572
4102,-71,-27.2296310625606
4134,-141,-27.181635295456
4168,184,-27.6072830696561
4121,38,-27.5719201189352
4163,158,-27.4537392558966
4184,-159,-27.9092067495959
4162,-61,-27.6074591908457
4130,95,-27.362450549939
4163,597,-28.0695828043197
4072,278,-28.8367102432966
4112,495,-28.0487718854362
4108,280,-28.6534017756463
4063,576,-26.3436522311566
4193,574,-28.5269425415962
4087,350,-29.7958582368254
4186,444,-28.9960335784256
4185,380,-27.6342364748968
4129,885,-26.9412691719971
4186,958,-26.080479820041
4175,893,-26.8409227218199
4193,714,-27.1794563922428
4148,989,-26.6839413658769
4137,786,-27.2043325591287
4075,790,-27.6607518244712
4170,679,-27.0607224212428
4069,617,-26.2964023296461
4168,1092,-25.7455100005584
4127,1009,-26.6134737550176
4077,1096,-26.7479577053524
4162,1136,-25.9760388519219
4108,1395,-25.9394437568277
4156,1370,-26.3908744947544
4100,1193,-26.7839171400914
4118,1274,-26.6265016809696
4097,1268,-26.8337937089385
